Workbook

Sheet MakerPnPControl-core_variant1_c
A1: Designator | B1: Mid X | C1: Mid Y | D1: Layer | E1: Rotation
A2: =Sheet1!A2 -> C1 | B2: =Sheet1!F2 -> 15.8 | C2: =Sheet1!G2 -> 37.7 | D2: =Sheet1!E2 -> Top | E2: =ROUND(Sheet1!H2,0) -> 0
A3: =Sheet1!A3 -> C2 | B3: =Sheet1!F3 -> 11.6 | C3: =Sheet1!G3 -> 29.7 | D3: =Sheet1!E3 -> Top | E3: =ROUND(Sheet1!H3,0) -> -90
A4: =Sheet1!A4 -> C3 | B4: =Sheet1!F4 -> 14.1 | C4: =Sheet1!G4 -> 34.425 | D4: =Sheet1!E4 -> Top | E4: =ROUND(Sheet1!H4,0) -> 180
A5: =Sheet1!A5 -> C4 | B5: =Sheet1!F5 -> 17.3 | C5: =Sheet1!G5 -> 34.4 | D5: =Sheet1!E5 -> Top | E5: =ROUND(Sheet1!H5,0) -> 180
A6: =Sheet1!A6 -> C5 | B6: =Sheet1!F6 -> 17.3 | C6: =Sheet1!G6 -> 32.525 | D6: =Sheet1!E6 -> Top | E6: =ROUND(Sheet1!H6,0) -> 180
A7: =Sheet1!A7 -> C6 | B7: =Sheet1!F7 -> 11.6 | C7: =Sheet1!G7 -> 21.4 | D7: =Sheet1!E7 -> Top | E7: =ROUND(Sheet1!H7,0) -> -90
A8: =Sheet1!A8 -> C7 | B8: =Sheet1!F8 -> 14.1 | C8: =Sheet1!G8 -> 26.15 | D8: =Sheet1!E8 -> Top | E8: =ROUND(Sheet1!H8,0) -> 180
A9: =Sheet1!A9 -> C8 | B9: =Sheet1!F9 -> 17.3 | C9: =Sheet1!G9 -> 24.225 | D9: =Sheet1!E9 -> Top | E9: =ROUND(Sheet1!H9,0) -> 180
A10: =Sheet1!A10 -> C9 | B10: =Sheet1!F10 -> 17.3 | C10: =Sheet1!G10 -> 26.1 | D10: =Sheet1!E10 -> Top | E10: =ROUND(Sheet1!H10,0) -> 180
A11: =Sheet1!A11 -> C10 | B11: =Sheet1!F11 -> 11.6 | C11: =Sheet1!G11 -> 13.1 | D11: =Sheet1!E11 -> Top | E11: =ROUND(Sheet1!H11,0) -> -90
A12: =Sheet1!A12 -> C11 | B12: =Sheet1!F12 -> 14.1 | C12: =Sheet1!G12 -> 17.825 | D12: =Sheet1!E12 -> Top | E12: =ROUND(Sheet1!H12,0) -> 180
A13: =Sheet1!A13 -> C12 | B13: =Sheet1!F13 -> 17.3 | C13: =Sheet1!G13 -> 17.8 | D13: =Sheet1!E13 -> Top | E13: =ROUND(Sheet1!H13,0) -> 180
... A205: =Sheet1!A205 -> Y101 | B205: =Sheet1!F205 -> 47.25 | C205: =Sheet1!G205 -> 50 | D205: =Sheet1!E205 -> Top | E205: =ROUND(Sheet1!H205,0) -> -90

Sheet Sheet1
A1: RefDes | B1: Manufacturer | C1: Mpn | D1: Place | E1: PcbSide | F1: X | G1: Y | H1: Rotation
A2: C1 | B2: Samsung Electro-Mechanics | C2: CL05B104KO5NNNC | D2: TRUE | E2: Top | F2: 15.8 | G2: 37.7 | H2: 0
A3: C2 | B3: Samsung Electro-Mechanics | C3: CL10A475KO8NNNC | D3: TRUE | E3: Top | F3: 11.6 | G3: 29.7 | H3: -90
A4: C3 | B4: Murata Electronics | C4: GRM155R71H221KA01D | D4: TRUE | E4: Top | F4: 14.1 | G4: 34.425 | H4: 180
A5: C4 | B5: Samsung Electro-Mechanics | C5: CL21A226MAQNNNE | D5: TRUE | E5: Top | F5: 17.3 | G5: 34.4 | H5: 180
A6: C5 | B6: Samsung Electro-Mechanics | C6: CL21A226MAQNNNE | D6: TRUE | E6: Top | F6: 17.3 | G6: 32.525 | H6: 180
A7: C6 | B7: Samsung Electro-Mechanics | C7: CL10A475KO8NNNC | D7: TRUE | E7: Top | F7: 11.6 | G7: 21.4 | H7: -90
A8: C7 | B8: Murata Electronics | C8: GRM155R71H221KA01D | D8: TRUE | E8: Top | F8: 14.1 | G8: 26.15 | H8: 180
A9: C8 | B9: Samsung Electro-Mechanics | C9: CL21A226MAQNNNE | D9: TRUE | E9: Top | F9: 17.3 | G9: 24.225 | H9: 180
A10: C9 | B10: Samsung Electro-Mechanics | C10: CL21A226MAQNNNE | D10: TRUE | E10: Top | F10: 17.3 | G10: 26.1 | H10: 180
A11: C10 | B11: Samsung Electro-Mechanics | C11: CL10A475KO8NNNC | D11: TRUE | E11: Top | F11: 11.6 | G11: 13.1 | H11: -90
A12: C11 | B12: Murata Electronics | C12: GRM155R71H221KA01D | D12: TRUE | E12: Top | F12: 14.1 | G12: 17.825 | H12: 180
A13: C12 | B13: Samsung Electro-Mechanics | C13: CL21A226MAQNNNE | D13: TRUE | E13: Top | F13: 17.3 | G13: 17.8 | H13: 180
... A205: Y101 | B205: HCI | C205: 8132H-50.000ML33DTL | D205: TRUE | E205: Top | F205: 47.25 | G205: 50 | H205: -90
