Workbook

Sheet MakerPnPControl_variant1_cpl
A1: Designator | B1: Mid X | C1: Mid Y | D1: Layer | E1: Rotation
A2: =Sheet1!A2 -> C1 | B2: =Sheet1!F2 -> 30.35 | C2: =Sheet1!G2 -> 27.45 | D2: =Sheet1!E2 -> Top | E2: =ROUND(Sheet1!H2,0) -> 90
A3: =Sheet1!A3 -> C2 | B3: =Sheet1!F3 -> 48.9 | C3: =Sheet1!G3 -> 32.05 | D3: =Sheet1!E3 -> Top | E3: =ROUND(Sheet1!H3,0) -> -90
A4: =Sheet1!A4 -> C3 | B4: =Sheet1!F4 -> 34.35 | C4: =Sheet1!G4 -> 32.05 | D4: =Sheet1!E4 -> Top | E4: =ROUND(Sheet1!H4,0) -> -90
A5: =Sheet1!A5 -> C4 | B5: =Sheet1!F5 -> 57.25 | C5: =Sheet1!G5 -> 33.05 | D5: =Sheet1!E5 -> Top | E5: =ROUND(Sheet1!H5,0) -> -90
A6: =Sheet1!A6 -> C5 | B6: =Sheet1!F6 -> 36.68 | C6: =Sheet1!G6 -> 33.05 | D6: =Sheet1!E6 -> Top | E6: =ROUND(Sheet1!H6,0) -> -90
A7: =Sheet1!A7 -> C6 | B7: =Sheet1!F7 -> 27.6 | C7: =Sheet1!G7 -> 22.85 | D7: =Sheet1!E7 -> Top | E7: =ROUND(Sheet1!H7,0) -> 90
A8: =Sheet1!A8 -> C7 | B8: =Sheet1!F8 -> 59.6 | C8: =Sheet1!G8 -> 32.05 | D8: =Sheet1!E8 -> Top | E8: =ROUND(Sheet1!H8,0) -> -90
A9: =Sheet1!A9 -> C8 | B9: =Sheet1!F9 -> 45.05 | C9: =Sheet1!G9 -> 32.05 | D9: =Sheet1!E9 -> Top | E9: =ROUND(Sheet1!H9,0) -> -90
A10: =Sheet1!A10 -> C9 | B10: =Sheet1!F10 -> 51.25 | C10: =Sheet1!G10 -> 33.05 | D10: =Sheet1!E10 -> Top | E10: =ROUND(Sheet1!H10,0) -> -90
A11: =Sheet1!A11 -> C10 | B11: =Sheet1!F11 -> 42.7 | C11: =Sheet1!G11 -> 33.05 | D11: =Sheet1!E11 -> Top | E11: =ROUND(Sheet1!H11,0) -> -90
A12: =Sheet1!A12 -> C11 | B12: =Sheet1!F12 -> 54.25 | C12: =Sheet1!G12 -> 39.55 | D12: =Sheet1!E12 -> Top | E12: =ROUND(Sheet1!H12,0) -> 180
A13: =Sheet1!A13 -> C12 | B13: =Sheet1!F13 -> 39.7 | C13: =Sheet1!G13 -> 39.55 | D13: =Sheet1!E13 -> Top | E13: =ROUND(Sheet1!H13,0) -> 180
... A445: =Sheet1!A445 -> Y1 | B445: =Sheet1!F445 -> 185.8 | C445: =Sheet1!G445 -> 95 | D445: =Sheet1!E445 -> Top | E445: =ROUND(Sheet1!H445,0) -> 90

Sheet Sheet1
A1: RefDes | B1: Manufacturer | C1: Mpn | D1: Place | E1: PcbSide | F1: X | G1: Y | H1: Rotation
A2: C1 | B2: Samsung Electro-Mechanics | C2: CL32B475KBUYNNE | D2: TRUE | E2: Top | F2: 30.35 | G2: 27.45 | H2: 90
A3: C2 | B3: Samsung Electro-Mechanics | C3: CL32B475KBUYNNE | D3: TRUE | E3: Top | F3: 48.9 | G3: 32.05 | H3: -90
A4: C3 | B4: Samsung Electro-Mechanics | C4: CL32B475KBUYNNE | D4: TRUE | E4: Top | F4: 34.35 | G4: 32.05 | H4: -90
A5: C4 | B5: Murata Electronics | C5: GRM155R71H223KA12D | D5: TRUE | E5: Top | F5: 57.25 | G5: 33.05 | H5: -90
A6: C5 | B6: Murata Electronics | C6: GRM155R71H223KA12D | D6: TRUE | E6: Top | F6: 36.68 | G6: 33.05 | H6: -90
A7: C6 | B7: Samsung Electro-Mechanics | C7: CL10B104KC8NNNC | D7: TRUE | E7: Top | F7: 27.6 | G7: 22.85 | H7: 90
A8: C7 | B8: Samsung Electro-Mechanics | C8: CL32B475KBUYNNE | D8: TRUE | E8: Top | F8: 59.6 | G8: 32.05 | H8: -90
A9: C8 | B9: Samsung Electro-Mechanics | C9: CL32B475KBUYNNE | D9: TRUE | E9: Top | F9: 45.05 | G9: 32.05 | H9: -90
A10: C9 | B10: Murata Electronics | C10: GRM155R71H223KA12D | D10: TRUE | E10: Top | F10: 51.25 | G10: 33.05 | H10: -90
A11: C10 | B11: Murata Electronics | C11: GRM155R71H223KA12D | D11: TRUE | E11: Top | F11: 42.7 | G11: 33.05 | H11: -90
A12: C11 | B12: Samsung Electro-Mechanics | C12: CL10B105KA8NNNC | D12: TRUE | E12: Top | F12: 54.25 | G12: 39.55 | H12: 180
A13: C12 | B13: Samsung Electro-Mechanics | C13: CL10B105KA8NNNC | D13: TRUE | E13: Top | F13: 39.7 | G13: 39.55 | H13: 180
... A445: Y1 | B445: SMD5032-2P | C445: X503212MSB2GI | D445: TRUE | E445: Top | F445: 185.8 | G445: 95 | H445: 90
